1880,0.547,Save Tonight
559,0.325,Wait for the Man
1337,0.399,Manufactured Existence
1975,0.485,If Today Was Your Last Day
1313,0.17,Senseless Order
1629,0.649,Strobe - Radio Edit
1988,0.467,Tightrope
1301,0.226,Shapeless Abomination
613,0.72,8 Feet Tall
1306,0.173,Ruin
1298,0.236,Soil the Stillborn
530,0.351,Oh
749,0.597,Viol - Original Mix
1316,0.398,Substance Affliction
134,0.558,Don't Move
930,0.286,Desire
1331,0.387,FVNERAL MOON
1315,0.401,Venomous
1684,0.505,Go Down in History
1303,0.296,Defiled
1312,0.444,Inferiority
1335,0.455,Solicitude
1349,0.389,Prismatic Abyss
1342,0.458,Debris
1322,0.428,Pitchblack
709,0.442,Sad Eyes
1680,0.409,Paranoia
995,0.566,Forgiven/Forgotten
881,0.479,Pedestrian at Best
1327,0.261,Hear Me Out
1348,0.162,Be My Valentine (feat. Dickie Allen)
1310,0.472,Plague of Immortality (feat. Dean Lamb Of Archspire)
1682,0.396,Shock Me
869,0.636,Nobodys Fool - Ben Pearce Remix
1314,0.276,Advent
555,0.683,All Of Me
532,0.123,Wake Bake Skate
1338,0.401,Bastard Son
609,0.61,Reckless (With Your Love) - Tensnake Remix
1311,0.227,Arrogance
336,0.305,Time-Out
1685,0.351,Serpents
906,0.76,Paris Groove (Original Mix)
1319,0.336,Permanent Intoxication
1362,0.321,Burning youth
380,0.595,Night Drive
1345,0.379,Temptress
461,0.657,Danger! High Voltage (Soulchild Radio Mix)
146,0.259,Nothing Ever Happened
1334,0.222,Black Mammoth
1346,0.535,Flag of the Beast
1339,0.209,The Shaping Sickness
1913,0.439,Learn to Fly
1683,0.55,The Devil's Bleeding Crown
1304,0.474,Negative
1347,0.329,Unanswered
942,0.499,Remember
1340,0.493,Drown Me in Blood
1297,0.455,A Darkened Gospel
1343,0.263,I
1328,0.517,Down into the Abyss
1330,0.484,New World Slaughter
1307,0.404,Fauxhammer
1594,0.471,Lyric Pieces
1596,0.333,8 Fantasiestücke
1876,0.206,Nocturne No.1 In B Flat Minor
1599,0.294,Piano Sonata No. 18 in G Major
1535,0.447,The Nearness of You
1603,0.295,Viola Sonata in C Minor: III. Andante con variazioni
1538,0.326,Where or When
817,0.148,Mozart: Requiem in D Minor
1528,0.479,I Got It Bad
1546,0.388,Almas vaggvisa
1530,0.371,I'm a Fool to Want You
1601,0.236,Trio No. 2 en Mi Mineur
1564,0.575,You Go To My Head
1576,0.514,My Little Brown Book
1524,0.385,Ballad for MC
1521,0.478,For Wee Folks
1574,0.407,A Nightingale Sang In Berkeley Square
1571,0.448,I Got It Bad And That Ain't Good
1568,0.633,Fools Rush In
1549,0.45,Eleanor
1552,0.428,Doubts 2
1597,0.338,String Quartet No. 5 in C Major
1155,0.549,The Night We Met
1572,0.509,My Romance
1548,0.539,Autumn Nocturne
1575,0.384,A Hundred Dreams from Now
1526,0.296,So Lovely
1856,0.71,Lost Boy
1541,0.445,Two Sleepy People
1791,0.47,Over And Over Again
1545,0.484,Blue and Sentimental
407,0.508,Baby
1554,0.411,Where Do You Start
1553,0.32,The Last Goodbye
1525,0.4,Soul in Twilight
1523,0.356,Goodbye Pork Pie Hat
973,0.342,Angels
1598,0.156,Piano Quartet in E flat
1602,0.173,String Quintet in C Major
1520,0.34,Mommy's Shawl
740,0.619,Stay
1573,0.386,The Peacocks
1407,0.483,Waves - Acoustic
1532,0.505,Journey Into Melody - 2007 Digital Remaster
1516,0.349,Jackie Gets Out
1531,0.317,I Was So Young
145,0.772,Demon
1558,0.428,The Folks Who Live on the Hill
1566,0.358,I Didn't Know About You
1517,0.428,Romance / Hommage à Milhaud
927,0.44,Episode I - Duel of The Fates
854,0.44,Episode I - Duel of The Fates
1560,0.336,Emperor Jones - Instrumental
1533,0.55,I'm Glad There Is You
438,0.445,Calgary
1542,0.533,Can't Help Loving
1515,0.535,Vid Frösö kyrka (At Frösö Church) - From Frösöblomster (Frösö Flowers) (arr. J. Ekberg
1536,0.445,It Never Entered my Mind
1512,0.442,I'll Let You Know
1567,0.331,I Have Dreamed
858,0.334,Night on Bald Mountain
1514,0.487,The Shadow of Your Smile
1595,0.277,String Quartet No. 4 in C Major
1527,0.425,The Sweetest Nighlife
1600,0.152,Trio Sonata in G Major
1557,0.399,Trust
1237,0.361,Clean
1565,0.421,Gloomy Sunday
1393,0.489,Reason Why We Have To Break Up
1556,0.42,Gary's Theme - Remastered
1859,0.513,When Will I Learn
1561,0.257,Isadora
1562,0.368,I Remember Clifford
926,0.582,No Woman
1569,0.461,Dreamsville
866,0.444,Sleepwalk
1513,0.475,I'll Wait And Pray
877,0.366,I'm Glad
726,0.574,Open
1529,0.466,Gramercy Sunset
1550,0.386,Angel Eyes
1384,0.764,Zig Zag
1369,0.657,With Me
1519,0.421,Where We Used To Live
1539,0.446,Count Your Blessings
1551,0.42,Good Morning.Goodbye
1074,0.641,Either Way
1065,0.425,Tin Man
1379,0.762,Ki-dult
1864,0.606,Don't Say
1518,0.456,Leave Me Here
761,0.741,Outlines
1400,0.679,Let You Go
1547,0.364,Before It's Time To Say Goodbye
78,0.515,Words I Don't Remember
1522,0.46,All I See is Us
542,0.354,Cloud Atlas End Title
304,0.316,Night on Bald Mountain
1264,0.227,Prove Me Wrong
223,0.533,Words I Don't Remember
912,0.661,I'm Walkin' - 2002 Digital Remaster
1544,0.569,When Sunny Gets Blue
1841,0.24,I See the Light - From "Tangled"/Soundtrack Version
1380,0.214,지금 여기
1787,0.4,Almost Is Never Enough
1582,0.534,No Le Digas Que Hacer
1817,0.717,Photograph (feat. Bea Miller)
207,0.712,Look at You
210,0.583,Bang! Bang!
1405,0.524,Rub off
1570,0.458,Old Folks
1583,0.876,Peas Pudding Hot
290,0.722,Bam Bam
1540,0.526,Good Morning Heartache
1020,0.64,My Old Man
855,0.745,Three Cool Cats
1537,0.421,Blue in Green
872,0.833,Oogum Boogum Song
1592,0.802,Always Chew Your Food
1277,0.569,Tears
1382,0.35,I Don't Love You
1399,0.709,Summer Night You and I
1398,0.792,물 Water
1124,0.612,Tú Sí Sabes Quererme
548,0.611,Loner
1701,0.66,Fast Car (feat. Kina Grannis)
1584,0.718,Biscuits in the Oven
1784,0.764,Simple Love Song
1788,0.664,Perfect Harmony
1782,0.386,So Close
400,0.6,Hunger Of The Pine
1855,0.485,I Can't Fall in Love Without You
71,0.596,Sabali
921,0.418,I'm Going Down
383,0.758,Childs Play (feat. Chance the Rapper)
1360,0.741,이대로 있어줘요 Stay With Me
1395,0.598,I Don't Want
1796,0.658,Force of Nature
614,0.808,36 Chamber Flow
786,0.275,The Great Gig In The Sky - 2011 Remastered Version
1235,0.486,Hills and Valleys (The Valleys Version)
1373,0.767,Fallen in Love (Only With You)
382,0.561,Indian Food
779,0.707,0 To 100 / The Catch Up
1543,0.383,The Nearness Of You
952,0.744,Raindrops
1555,0.52,The Man I Love
1591,0.941,Little Green Apple
1790,0.637,Best Friend
466,0.698,Close to Me
841,0.571,Louie Louie
1044,0.409,Zac Brown Band - Hot Country
74,0.506,Have Love Will Travel
373,0.49,Gooey
873,0.688,The Gaudy Side of Town
1963,0.366,Every Loser Wins
1959,0.836,Grandad
1559,0.423,All The Way
718,0.345,Hannah Hunt
919,0.285,Just Say The Word
98,0.685,The Gaudy Side of Town
784,0.628,Running Up That Hill (A Deal With God)
1364,0.483,Wonder
789,0.277,Fool
1950,0.433,My Heart Will Go On (Love Theme from "Titanic")
1389,0.894,장가갈 수 있을까 Can I Get Married?
399,0.597,Sweet Power
1860,0.447,Lady Brain
110,0.431,Then He Kissed Me
285,0.386,Lone Wolf and Cub (feat. Herbie Hancock
152,0.658,River
1694,0.393,Bring Me the Night
107,0.513,Will You Love Me Tomorrow
1965,0.423,I'd Do Anything For Love (But I Won't Do That)
456,0.679,Computer Love
1947,0.528,There's No One Quite Like Grandma - 2003 Remastered Version
124,0.462,Danger and Dread
1008,0.539,Toothache
1372,0.751,For Me
264,0.371,Symphony of the Nymph
822,0.827,Black Boy
956,0.354,Just A Little Lovin'
1404,0.719,Morning Call - Remix Version
1037,0.476,Speak to a Girl
962,0.457,Bold Soul Sister
112,0.78,Please Mr. Postman
982,0.507,Weary
1403,0.73,Petals on The Wind (Remake Version)
1356,0.176,Skrillex Orchestral Suite By Varien - Bonus Track
1579,0.865,Second Nature
447,0.36,The Daily Mail
472,0.36,The Daily Mail
1587,0.603,Curse of the Spinach
733,0.288,Here Comes The Night Time II
1234,0.322,Nowhere
910,0.729,Ohye Atar Gyan
1440,0.549,Midnight Sun
237,0.657,You're the Best
183,0.518,Billie Holiday
1062,0.71,Just a Phase
1926,0.631,Coming Around Again
401,0.811,Money Money
1257,0.295,On My Side
1983,0.682,Sah
1534,0.47,Blue Ballad
1858,0.413,Honest
806,0.722,Tupelo (Pt. 1) - Single Version
809,0.508,Tupelo - Part 1
195,0.698,GodLovesUgly
815,0.649,Mannish Boy
886,0.59,Way Down We Go
839,0.597,Do You Love Me
803,0.583,Way to be Loved
3,0.494,Master Of None
800,0.746,The Boss
344,0.637,The Way You’d Love Her
524,0.792,Look At Where We Are
830,0.571,Breakthrough
723,0.624,Step
875,0.789,Ultimate Painting
1437,0.614,Save You
1253,0.464,O God Forgive Us
1184,0.825,Shape of You
1873,0.599,Ohio - filous Remix
1402,0.652,Run
1577,0.848,Moving On and Getting Over
874,0.438,The Walker
1945,0.498,Against All Odds (Take a Look at Me Now)
1489,0.629,1-800-273-8255
1247,0.448,In Awe
808,0.63,Somebody Was Watching
1368,0.676,Loop
938,0.654,The Winner Is - from Little Miss Sunshine
1148,0.622,1-800-273-8255
1511,0.628,Wildfire
857,0.462,Do I Love You?
80,0.791,Them Changes (feat. Flying Lotus & Kamasi Washington)
1194,0.635,Trumpets
1098,0.508,Safari
1158,0.87,Whippin (feat. Felix Snow)
776,0.706,Temporary View
1094,0.76,Me Llamas (feat. Maluma) - Remix
963,0.785,Cane Shuga
257,0.689,Can You Get To That
238,0.879,Estrelar
1960,0.191,Puppy Love
44,0.64,OOOUUU
1378,0.549,Hot and Cold (feat. Yun Cheoljong of 10cm)
1857,0.849,Yesterday
516,0.582,Chicken Half
1588,0.567,Mosquito Burrito
72,0.683,Spooky
328,0.672,Métele
860,0.691,Ecoute ma mélodie - Bossa Afro
957,0.367,Unchained Melody
287,0.525,I Want You - Single Version
950,0.731,Fight
744,0.529,San Francisco (Be Sure to Wear Flowers In Your Hair) - Single Version
1994,0.63,Aquaman
1394,0.597,Love
289,0.719,Suede (feat. Anderson Paak & Knxwledge)
742,0.683,Sunshine Of Your Love
1406,0.41,Don't You Cry For Me
1730,0.571,A Song For Mama
1361,0.587,Stardust
1248,0.331,Oh My Soul
165,0.594,Magnolia
108,0.251,One Fine Day
109,0.559,He's So Fine - 2000 Digital Remaster
1966,0.687,To Roz Bikini (Itsy
418,0.732,Chained
1508,0.414,Stone Cold
246,0.631,Crown Violet - Bonus Track
888,0.839,Back Pocket
685,0.599,I Follow Rivers
1621,0.539,Wasted Love (feat. Dougy)
1456,0.871,Bassline Riddim
1702,0.672,In Your Arms
507,0.551,Walk With Me
1288,0.495,TESTIFY
77,0.537,I Shall Be Released - Remastered
1729,0.578,Water Runs Dry
1805,0.657,First Heartbreak
1771,0.635,Don't Love You No More (I'm Sorry)
762,0.655,Platoon
805,0.535,Be Brave
1063,0.731,Body Like A Back Road
1590,0.873,Jelly On A Plate
1408,0.59,Runner
669,0.432,U.O.E.N.O. Remix (feat. Future
160,0.427,Coming Home
431,0.673,Mornin'
52,0.514,Coming Home
268,0.847,You Know You Like It - Bondax Remix
1229,0.627,Can’t Live Without
553,0.815,Jacket & Tie
1948,0.511,Earth Song - Remastered Version
1156,0.754,Rollin
631,0.622,Best Wishes
1821,0.551,You're Still The One
251,0.586,Life Round Here
1238,0.519,I Will
366,0.915,Norf Norf
671,0.654,Strictly 4 My Jeeps
1956,0.762,Shaddap You Face
14,0.662,Oh lala
1737,0.468,God Must Have Spent a Little More Time on You - Remix
1383,0.892,My eyes
668,0.862,Red Nose
1704,0.696,The One You Say Goodnight To
844,0.684,Sunshine Of Your Love
60,0.622,Baby
583,0.744,Do You Like It? (Feat. Kool A.D)
1831,0.794,Man In The Mirror
1916,0.566,Truly Madly Deeply
483,0.857,Bop Gun (One Nation) - Radio Edit
1811,0.616,Can't Blame a Girl for Trying
317,0.551,All Day And All Of The Night
284,0.624,Archangel
677,0.872,Living
1052,0.55,Act Like You Don't
600,0.786,Borderline
1386,0.7,HOW WAS YOUR DAY
1954,0.927,Macarena
1068,0.482,Last Time for Everything
692,0.422,U.O.E.N.O. (feat. Rick Ross
766,0.876,Stoner
512,0.727,About to Die
318,0.331,Strychnine
1892,0.566,Roll To Me
1177,0.704,Issues
1851,0.773,Softest Place On Earth
1260,0.436,Hold It All
1388,0.574,You Wouldn't Even Know
1846,0.625,Un-Break My Heart
1786,0.454,Tattooed Heart
904,0.757,Long Cool Woman (In A Black Dress) - 1999 Remastered Version
955,0.236,You Are My Special Angel
1818,0.694,Closer (feat. Sarah Hyland)
1722,0.618,Don't Let Go (Love)
303,0.688,Monster Mash
222,0.791,Pass The Dutchie
1220,0.753,I Will Never Let You Down
111,0.683,It's My Party
1171,0.763,Nights With You
1092,0.761,Reggaetón Lento (Bailemos)
1815,0.679,Hold On
1011,0.739,T On the Wing
1750,0.66,I Need A Girl (Part One) (feat. Usher & Loon)
1053,0.596,In Case You Didn't Know
1725,0.635,On Bended Knee
1866,0.644,I Know
460,0.76,Abataka - Original Mix
781,0.484,You'll Never Walk Alone - 2002 Remastered Version
1498,0.602,Human
403,0.799,I'll Do a Little Bit More
824,0.702,Motherless Child
1109,0.732,Deja vu
1794,0.712,Starving
208,0.706,How Did I Get Here
335,0.704,Zombie
453,0.791,Do It Roger
214,0.415,Blood On The Leaves
279,0.478,Like Lust
979,0.735,Finally Moving
1820,0.428,From This Moment On
1140,0.857,There's Nothing Holdin' Me Back
296,0.535,Hot Dreams
1245,0.534,Love Wins
1232,0.335,Even If
106,0.506,Why Don't They Let Us Fall in Love
230,0.818,Spill The Wine
1003,0.497,Beauty and the Beast
340,0.565,Cadillac Girl
48,0.796,Azon de ma gnin kpevi
1014,0.561,And Dat (Ft. Stormzy)
997,0.772,Lay Up
64,0.549,Ikimiz Bir Fidaniz - Baris K Edit
350,0.837,It's Strange (feat. K.Flay)
1849,0.814,My Little Secret
756,0.645,Hell Of A Night
440,0.662,Headlines
1390,0.717,Sneakers
13,0.762,One Night
190,0.312,No Rest For The Wicked
1367,0.819,MWAH
743,0.507,Somebody to Love
1922,0.622,Last Kiss
1776,0.73,Independent Women
1412,0.653,Deja Vu
792,0.784,Tuesday
217,0.7,High School Lover
1411,0.894,Neighbors
686,0.667,L'Amour Parfait
139,0.729,Poppin' My Collar - feat. Project Pat - Explicit
1009,0.494,Coward
745,0.561,White Rabbit
1900,0.926,Hollaback Girl
1018,0.794,Luke Cage
880,0.545,Dirt And Grime
984,0.855,Something About You
721,0.69,I Blame Myself
1979,0.591,300 Violin Orchestra
1949,0.53,The Lady In Red
26,0.411,Lose My Mind
953,0.77,Truths & Rights
76,0.468,Uncast Shadow Of A Southern Myth
1039,0.5,If I Told You
149,0.726,The Buzz (feat. Mataya & Young Tapz)
1046,0.439,God
1413,0.889,G.O.M.D.
895,0.578,Mary Jane (Jamie Xx - Girl Remix)
1181,0.736,Location
1017,0.673,Man Don't Care
1358,0.68,Nosedive
1451,0.531,Wildcard
385,0.839,Rollerskate
1865,0.661,Like Home
1266,0.659,The Happy Song
306,0.749,Water Me (feat. Leon Ware)
702,0.723,25 Bucks [feat. Purity Ring]
390,0.727,R.I.C.O. (feat. Drake)
1454,0.519,Show You Love
665,0.794,Fashion Killa
327,0.65,Kush High
18,0.713,Bouncin
871,0.43,Able to See Me
1911,0.593,I Try
911,0.76,Heaven
1060,0.536,Any Ol' Barstool
1580,0.677,The Best Crew
679,0.675,I'm A Martian
1852,0.657,The Arms of the One Who Loves You
1751,0.596,Where the Party At
1837,0.421,A Thousand Years
1845,0.556,I Knew I Loved You
1429,0.696,White Label (Is This Love)
1662,0.546,Otherside
1183,0.804,Passionfruit
396,0.785,200 Press
367,0.75,Eleven 11: / 11
1755,0.654,When You're Mad
836,0.614,Standard
1409,0.696,No Role Modelz
1735,0.55,This I Promise You - Radio Edit
1819,0.51,Flashlight (Sweet Life Mix) - From "Pitch Perfect 2" Soundtrack
1267,0.588,Find You Here
36,0.722,Poppin' My Collar
790,0.609,Bulbform
1703,0.862,Valentine
861,0.592,Ole
1448,0.675,Twinbow
276,0.857,Last Chance to Dance
1391,0.712,Dangerous
1006,0.506,M.E.N
500,0.444,Play This (Also)
1969,0.668,Miracles
1084,0.706,Ahora Dice
1396,0.616,All in Vain
1862,0.614,Heavy
1005,0.88,Plottin
1365,0.498,I'll Pick You Up
639,0.797,Slippin’
1927,0.778,Hips Don't Lie
1946,0.672,Anyone Can Fall In Love
147,0.633,Oh My Darling Don't Meow (Just Blaze Remix)
1115,0.832,Hasta el Amanecer
1461,0.738,Make You Mine
29,0.735,Please Stop Making Fake Versace
1611,0.369,Close
1159,0.718,Symphony
1244,0.555,Forgiven
1075,0.655,No Such Thing as a Broken Heart
24,0.512,If I Gave You My Love
722,0.716,Sunday
1593,0.693,Icy
252,0.756,Sitting Pretty (feat. Wiz Khalifa)
492,0.735,Focused - feat. Kid Cudi
648,0.683,Half Full Glass of Wine
370,0.893,Probably Nu It
63,0.793,Evil Friends (feat. Danny Brown) - Jake One Remix
1581,0.784,Hideout
1774,0.713,Say My Name
1754,0.699,So Sick
1072,0.507,Hometown Girl
853,0.567,A Day In The Life - feat. RZA
405,0.865,Bustin' Loose
1671,0.67,Lost Without U
1028,0.663,Black
1090,0.639,Sola (Remix) [feat. Daddy Yankee
354,0.446,Sophia So Far
954,0.663,Smoke
834,0.575,I Want'a Do Something Freaky To You
387,0.763,Grindin’ My Whole Life
693,0.651,Now You Do
1789,0.562,Pyramid (feat. Iyaz)
712,0.237,Stoned and Starving
1726,0.809,Get It On Tonite
1496,0.732,Overwhelming
1951,0.563,Can I Touch You...There?
1872,0.626,Automatic
1934,0.793,Whenever
1458,0.677,Walk Away
1756,0.622,Sexy Love
1861,0.546,Cleopatra
1371,0.62,What 2 Do
565,0.736,Be A Body
1363,0.697,Wi Ing Wi Ing
298,0.753,When They Fight
1752,0.725,I Wanna Know
292,0.763,Rainy Streets
1854,0.534,Secret Love Song
1015,0.812,6 In The Morning
1770,0.662,My Boo
61,0.559,Ain't No Love In The Heart Of The City - Single Version
1100,0.772,Vacaciones
1814,0.539,Can I Have This Dance
243,0.482,Crosstown Traffic
1375,0.743,Black Out
12,0.603,Cemalim
1748,0.571,Shape of My Heart
220,0.786,Cocaine Model
248,0.569,Dancing In The Rain
1952,0.764,Lucky
1899,0.58,Mmm Mmm Mmm Mmm
1912,0.295,Ironic
342,0.576,The Buzz (feat. Big K.R.I.T.
102,0.525,Willing & Able
54,0.676,White Iverson
1110,0.682,Sé Que Te Duele
1747,0.634,Show Me the Meaning of Being Lonely
241,0.623,San Francisco
1871,0.602,I Keep Ticking On
1781,0.319,Human
630,0.624,Young & Gettin' It - feat. Kirko Bangz
132,0.607,9
1082,0.683,El Amante
1763,0.652,For You I Will
909,0.708,Tighten Up - Pt. 1
1497,0.592,Go For Broke (feat. James Arthur)
1510,0.587,Waitin for You
1632,0.713,Take Over Control - Radio Edit
1746,0.683,I Want It That Way
588,0.839,Oldie
1170,0.76,The One
1147,0.457,Stay (with Alessia Cara)
843,0.347,For Your Love
1122,0.768,Ya Me Enteré (feat. Nicky Jam) - Urban Version
1040,0.674,Happy People
17,0.789,One Nation Under a Groove
477,0.328,Embody
501,0.612,Obedear
1079,0.755,Felices los 4
1023,0.589,Yeah Boy
1832,0.888,P.Y.T. (Pretty Young Thing)
1078,0.694,Despacito - Remix
842,0.494,Heart Full of Soul
513,0.485,Best Night
100,0.63,Slumlord
169,0.628,Fame (2007 Remastered)
818,0.873,My Main
1707,0.546,Without Me
1269,0.696,Rise
705,0.752,One Of Us - Original Mix
1377,0.657,Romance in Seoul
971,0.76,Bitter Rivals
1137,0.63,Despacito - Remix
144,0.767,Endless Rhythm
286,0.234,Skyscraper
1895,0.701,Blister in the Sun - 2002 Remastered Version
324,0.698,Here I Come (Broader Than Broadway)
1717,0.638,Count On You
1218,0.427,Best I Ever Had
832,0.793,Blow a Bag
920,0.63,Obi Agye Me Dofo
1768,0.408,Ironic - 2015 Remastered
1357,0.385,Satellite
167,0.704,Callie (feat. Vic Mensa)
1488,0.62,Feel Good
1785,0.685,Honeymoon Avenue
1043,0.638,I Could Use a Love Song
1506,0.626,Old Ways
1418,0.523,Apple of My Eye
253,0.723,Glyde 2nyte (feat. Leon Sylvers III
1095,0.711,Me Enamoré
1810,0.627,You Gotta Be
1878,0.581,Mr. Jones
964,0.418,Queen
1091,0.66,Despacito (Featuring Daddy Yankee)
1867,0.645,Adventurers
988,0.514,Ode To Viceroy
1064,0.501,How Not To
1761,0.833,My Love Is Like...Wo - Main Mix/Album Version
908,0.786,Hey DJ
810,0.54,Tupelo
1106,0.746,La Bicicleta
1096,0.735,Tu Foto
1104,0.685,Si Tú La Ves
527,0.791,Hood Pass Intact feat. MC Eiht
1007,0.732,Cold
1252,0.497,Oceans (Where Feet May Fail) - Radio Version
838,0.696,Let's Lovedance Tonight - Danny Krivit Re-edit - Original Disco Version
1780,0.415,Beautiful Disaster
985,0.739,Let It Happen - Soulwax Remix
1076,0.529,There’s A Girl
1,0.743,Redbone
1246,0.422,I Have This Hope
883,0.89,Something About You - Extended Mix
899,0.603,Do You Want a Man - Heaven & Hell Remix
432,0.507,Before
1843,0.794,Ain't Nobody
1143,0.633,First Time
473,0.76,Bizness
341,0.464,Today
263,0.388,Sugar for the Queen
1295,0.305,Eye of the Storm (feat. Gabe Real)
414,0.605,Obedear
1563,0.323,Sous le Ciel de Paris
84,0.867,The Payback
1265,0.732,Run the Race
57,0.598,L$D
1803,0.776,Secret Love
158,0.735,Know Yourself
302,0.703,Johnny Was
352,0.63,Don't Mean A Thing
724,0.74,You're Not Good Enough
1125,0.67,Si Me Dices Que Si (feat. Nicky Jam)
929,0.622,Hush
936,0.555,Aloha
159,0.556,Deicide
1272,0.423,What A Beautiful Name
81,0.711,Aquafina (feat. GoldLink & Chaz French)
1057,0.56,Ain't Always Pretty
1221,0.548,Do I Wanna Know?
1492,0.509,Hunter
1903,0.757,...Baby One More Time
462,0.731,Say Please
151,0.704,Blood On the Money
1869,0.52,Memorial Day
49,0.716,Odofo Nyi Akyiri Biara
1282,0.389,The Cause Of Christ
1981,0.585,Party Monster
105,0.511,Be My Baby
4,0.678,Parallel Lines
1715,0.644,Popular Song
2006,0.501,Scared To Be Lonely (Conro Remix)
1136,0.95,Bad Liar
1401,0.581,Sooni (I'm your fanatic girl)
273,0.544,Locket
1904,0.618,Genie In A Bottle (Album Version)
816,0.683,Holding On
270,0.413,Mykonos (feat. Fleet Foxes)
1884,0.618,You Get What You Give
95,0.615,Walk
87,0.589,Everybody Likes Something Good
1978,0.466,Now I Do What I Want
191,0.43,Holdin On
546,0.759,Louie Louie
1085,0.859,Chantaje
1102,0.761,Ay Mi Dios
1186,0.748,Starships
1705,0.631,Gone
1482,0.766,Issues - Alan Walker Remix
1374,0.844,Talk
567,0.824,Stomp - Dirty
1107,0.817,Bailame
1116,0.688,Bailame Despacio
1772,0.622,Let Me Love You
1211,0.725,Am I Wrong
754,0.529,Sacrilege
1227,0.772,Beautiful Girls - Radio Disney Version
1915,0.667,I Want It That Way
1955,0.85,Boys
1741,0.773,As Long as You Love Me
363,0.746,Sick Beat
916,0.66,You Are the Right One
1914,0.609,Smooth
1890,0.561,What's Up?
444,0.714,Gucci Gucci
1459,0.633,Touch The Sky
905,0.729,Bang A Gong [Get It On] (Remastered Single/LP Version)
1670,0.715,Can't You See
349,0.599,Unbreakable
1294,0.211,The Cross Has The Final Word
876,0.819,Agorinha
977,0.378,Oblivion
934,0.822,We Out Here
674,0.582,Swishas and Dosha - Main Version - Clean
1087,0.889,Sigo Extrañándote
452,0.716,Dead Wrong
1958,0.664,Touch Me (I Want Your Body)
1920,0.831,Remember the Time
305,0.725,Feel The Volume
689,0.726,Work
644,0.702,Ride The Rhythm
1807,0.494,Beauty and the Beast - From "Beauty and the Beast"
579,0.633,HLM 3
1027,0.528,Cut Your Groove
1149,0.703,Pretty Girl - Cheat Codes X CADE Remix
617,0.695,Sweater Weather
777,0.516,III. Telegraph Ave. ("Oakland" by Lloyd)
163,0.785,Next to You
1452,0.738,Find You
878,0.71,Apollo Throwdown (Star Slinger Remix)
1255,0.536,Back To God
1033,0.726,Roots
996,0.701,All My Friends
504,0.327,Sleeping Ute
969,0.85,Type of Way
1589,0.554,C'mon Let's Make A Pizza
519,0.844,Can I Kick It?
1578,0.736,Safe
992,0.709,Swerve... the reeping of all that is worthwhile (Noir not withstanding)
1041,0.631,All On Me
1835,0.658,With You
1103,0.776,Traicionera
998,0.714,Father Stretch My Hands Pt. 1
114,0.661,Queen's Speech 4
1971,0.615,Fog On the Tyne
176,0.5,New Slaves
1613,0.48,Waiting
758,0.85,Latino & Proud
634,0.525,Get Free (feat. Amber of Dirty Projectors)
1777,0.845,Bills
1455,0.718,Make U Love Me
564,0.701,Vowels = space and time
1905,0.671,Fantasy
1392,0.768,Night Time Melody
983,0.667,Treat Me Like Fire
932,0.906,No Heart
851,0.829,I'll Be Good
338,0.185,I'm a Dildo
39,0.777,Somebody's Watching Me
990,0.756,No Sleep Till Brooklyn
576,0.749,C'Est La Vie
1732,0.729,Someone To Call My Lover
1434,0.72,Fuego
563,0.691,See Blind Through
1012,0.603,Bad Boys (feat. Ghetts and J Hus)
747,0.359,Bound 2
1293,0.566,Magnify
348,0.402,Powerful
1111,0.73,Borro Cassette
1937,0.658,Das Lied Der Schluempfe
426,0.635,Grown Up
1180,0.748,Still Got Time
566,0.564,Unchained (The Payback / Untouchable)
1476,0.522,Open
829,0.61,Topless
1073,0.69,Star Of The Show
357,0.889,Choices (Yup)
1169,0.747,Mama
1463,0.617,Modern Flame (feat. Yuna)
53,0.313,Wishes
1495,0.698,Ciao Adios
295,0.479,I'm Ya Dogg
828,0.474,Nissim
1792,0.758,Put Your Arms Around Me
449,0.579,Punch Drunk Love
1101,0.761,Te Quiero Pa´Mi
68,0.726,Our Love
1472,0.72,Something Just Like This - Don Diablo Remix
265,0.875,Cool It Now
408,0.85,More Bounce To The Ounce
315,0.612,VHS Sex
1036,0.521,Think A Little Less
798,0.749,Whatcha Gonna Do
103,0.698,White Girl
271,0.473,So Destroyed (channeling Rage Peace)
510,0.817,Slow Down
1174,0.803,Bon Appétit
1692,0.7,Cold
488,0.687,Van Vogue
1804,0.498,Dear No One
1938,0.81,Because We Want To
632,0.719,Kids
1935,0.851,Poker Face
55,0.532,I Know There's Gonna Be (Good Times)
1984,0.904,Oh Devil
333,0.716,Antidote
421,0.68,Swimming Pools (Drank) - Extended Version
1226,0.68,Swimming Pools (Drank) - Extended Version
1693,0.64,It Ain't Me (with Selena Gomez)
1133,0.623,Uma Thurman
218,0.583,They Come in Gold
115,0.564,I Know There's Gonna Be (Good Times)
22,0.854,Imma Ride
34,0.805,Who Be Lovin Me (feat. ILOVEMAKONNEN)
312,0.704,Frontier Psychiatrist
1745,0.697,The Call
1243,0.673,Old Church Choir
1757,0.634,All My Life
569,0.762,Young N*****
1089,0.685,La Rompe Corazones
1061,0.685,Dirt On My Boots
620,0.671,Lofticries
413,0.697,Oblivion
1150,0.66,Now Or Never
1673,0.858,$ave Dat Money (feat. Fetty Wap & Rich Homie Quan)
666,0.725,I Wanna Be With You
811,0.665,Damn Son
813,0.665,Damn Son Where'd You Find This? (feat. Kelly Holiday) - Markus Maximus Remix
1710,0.586,Like Nobody's Around
1894,0.483,Inside Out
1120,0.801,Hula Hoop
397,0.715,Huarache Lights
768,0.857,Independent - House Remix
1709,0.688,Something About the Sunshine
1207,0.612,Don't You Worry Child (Radio Edit) [feat. John Martin]
978,0.555,Distant Heart
375,0.615,Omen - Radio Edit
1829,0.758,Black or White - Single Version
1193,0.66,Airplanes (feat. Hayley Williams of Paramore)
823,0.589,Give Me The Sunshine
536,0.438,Kerosene
571,0.834,What I Might Do - Club Mix
951,0.748,Bambi
687,0.742,Northern Lights
368,0.632,Buffalo
177,0.804,Sexy Socialite
1457,0.641,Light - GOSLO Remix
262,0.53,Exchange
406,0.826,I Wish
126,0.645,Water No Get Enemy - Edit
1834,0.632,If I Were a Boy
1376,0.54,Sleeping Habits
319,0.912,Who Is He (And What Is He to You?)
1840,0.677,When Will My Life Begin - From "Tangled"/Soundtrack Version
778,0.653,Accelerate
216,0.901,Hannah Montana
1728,0.563,I'll Make Love To You
1283,0.528,King Of The World
680,0.689,The Drop
1806,0.652,Video
1259,0.475,Revival
540,0.241,Pictures Of Matchstick Men
837,0.835,What I Might Do - Club Mix
136,0.772,Black Mags
377,0.775,Running Back To You
1778,0.721,No More (Baby I'ma Do Right)
1002,0.699,Mr Skeng
1141,0.44,Quit (feat. Ariana Grande)
885,0.867,The One
1487,0.867,High Without Your Love
1930,0.835,Where Is The Love?
1909,0.768,Wannabe - Radio Edit
1711,0.403,Amazing
1019,0.575,Shutdown
1108,0.721,Dile Que Tu Me Quieres
489,0.666,How Do You Do?
1051,0.51,For Her
1185,0.608,Wild Ones (feat. Sia)
502,0.7,Slow Down
1370,0.483,Monster
231,0.856,Got To Give It Up (Part 1)
1712,0.614,Boyfriend
1445,0.443,Freesol (feat. Skyler Stonestreet)
557,0.647,Blueberry (Pills & Cocaine) (feat. Danny Brown)
1128,0.648,Young And Menace
870,0.632,Smoke On The Water
825,0.582,Giudecca
1139,0.774,Attention
2004,0.595,Phone Down - Dodge & Fuski Remix
1045,0.434,Trying To Drive
1030,0.525,Reasons
1918,0.72,Pretty Fly (For a White Guy)
267,0.654,River
148,0.654,River
458,0.704,Osaka Loop Line
247,0.747,Glad I Met You
137,0.788,Stay Fly - Explicit Album Version
645,0.646,Move Your Body - Extended Mix
353,0.614,White Lies - The Soundmen Remix
688,0.874,Shabba
2000,0.52,Light - Loosid Remix
1765,0.685,Take Me As I Am
47,0.789,Right Place Wrong Time
1188,0.72,Time of Our Lives
1285,0.301,Even So Come - Radio Version/Live
11,0.753,Donme Dolap - Baris K Edit
1047,0.533,Real Thing
451,0.568,Slow Peels
1500,0.769,History
232,0.614,Never Gonna Give You Up
593,0.748,Rock Creek Park
1502,0.583,Be There
1168,0.648,It Ain’t Me (with Selena Gomez)
1800,0.635,God Is a DJ
1641,0.692,Turn up the Speakers - Radio Edit
1099,0.745,Alguien Robo
1868,0.499,Back to You
1630,0.49,Seek Bromance (Avicii Vocal Edit) - Avicii Vocal Edit
1182,0.584,Scared to Be Lonely
345,0.636,Shooting Stars
358,0.673,Two Brothers
2013,0.894,Candy
1743,0.527,I'll Never Break Your Heart
1268,0.353,Change The World (feat. Hollyn)
922,0.529,Said So What
1121,0.49,Qué Gano Olvidándote - Versión Urbana
1921,0.675,Meet Virginia
224,0.731,I Would Die 4 U
1764,0.621,Two Wrongs
297,0.356,The Hills
1651,0.605,Blackout - Madison Mars Radio Mix
201,0.737,Mercy
961,0.864,Hung Over
994,0.858,212
355,0.481,Nimble Girl
549,0.865,Murderer
523,0.671,We Are the People
1604,0.757,Magic City
1286,0.459,10
517,0.852,Two Of Hearts
365,0.736,Lost You
1289,0.492,Great Are You Lord (Radio Mix)
556,0.722,Females Welcomed (feat. Reija Lee)
1902,0.741,I Gotta Feeling
1123,0.725,Mi Tesoro (feat. Nicky Jam)
392,0.61,Never Never Gonna Give Ya Up
1875,0.611,Bath Salts
282,0.651,Enjoy The Silence - Remastered Version Original
1397,0.766,귀가 Return Home
311,0.664,Disco Devil
1944,0.524,(Everything I Do) I Do It For You
525,0.417,Don't Owe You a Thang
759,0.868,Move That Dope
1287,0.545,More Than Conquerors (Radio Version)
175,0.577,Let Me Show You Love
1731,0.873,Together Again
1758,0.779,Take Me There - Remix
1112,0.724,DUELE EL CORAZON
1708,0.593,L.A. Story
941,0.815,Wonky Bassline Disco Banger
570,0.54,All Gold Everything
233,0.729,Sanctified
1766,0.733,Sweetest Girl (Dollar Bill)
1485,0.709,No More Sad Songs (feat. Machine Gun Kelly)
1442,0.466,On Our Own (feat. Natalie Major)
619,0.675,Saltkin
1678,0.54,Follow You
511,0.611,Genesis
1208,0.809,Sexy Bitch (feat. Akon) - Featuring Akon;explicit
1117,0.899,Shaky Shaky
727,0.741,Falling
807,0.747,Candyman
1672,0.572,'Till I Collapse
1870,0.655,Fire
1410,0.504,Wet Dreamz
1164,0.696,Swalla (feat. Nicki Minaj & Ty Dolla $ign)
1205,0.755,TiK ToK
1142,0.696,The Cure
972,0.409,Gonna Die
1080,0.684,SUBEME LA RADIO
1738,0.754,I Want You Back - Radio Edit
560,0.912,Inspector Norse
1727,0.642,End Of The Road
266,0.523,Jumpin' Jack Flash
986,0.833,Hood Pass Intact
1713,0.531,Worldwide
157,0.791,Alright
1636,0.509,Together
446,0.589,Echoes
526,0.739,Money Trees
1114,0.827,Chillax
889,0.447,All I Wanna Do
730,0.869,Shabba
1206,0.859,Love You Like A Love Song
1659,0.719,Borrowed Lives (feat. NVDES)
1195,0.375,Live Your Life - feat. Rihanna
1977,0.947,Fuck Kd
1467,0.71,Help
1847,0.689,Breathe Again
221,0.512,Light House
457,0.646,Dutchie Courage
1200,0.599,Titanium (feat. Sia)
343,0.388,I Choose You
1119,0.712,Ando buscando (feat. Piso 21)
164,0.557,Papi Pacify
1606,0.412,Last Chance
960,0.767,Mystery Of Love
1021,0.587,Losing Sleep
793,0.289,Drop Dead Baby
831,0.802,Stand Up - Tiger & Woods Remix
1716,0.543,All About Tonight - featuring Cymphonique Miller
1724,0.829,Wifey
1004,0.832,I Win
133,0.704,Magnets
891,0.643,You
1637,0.393,Whatcha Need
1907,0.639,Drive
1742,0.798,Quit Playing Games (With My Heart)
116,0.751,With That (feat. Duke)
1187,0.828,Lollipop
1213,0.663,Counting Stars
150,0.855,All Day
1842,0.575,Torn
1281,0.587,Where You Are (Reimagined)
661,0.824,It's You
1190,0.755,Glad You Came
1275,0.519,Rise
1013,0.667,Thiago Silva
738,0.652,Blue Hawaii
197,0.568,Moving to the Left
240,0.742,Uncle ACE
51,0.7,The Chase
629,0.742,Pop That
1801,0.406,Save My Soul
937,0.897,Bad and Boujee (feat. Lil Uzi Vert)
211,0.727,Every 1's A Winner - Single Version
388,0.858,Slyd
245,0.697,Marijuana
799,0.758,18 With A Bullet
867,0.476,What I Might Do - Kilter Remix
281,0.736,Zion Gate Dub
1144,0.711,No Vacancy
651,0.931,Don’t Drop That Thun Thun
234,0.42,It #1
96,0.799,The Magnificent Seven - Remastered
323,0.803,I'll Be Good - 12" Mix
423,0.658,Affection
935,0.756,By Design
659,0.65,You & Me - Baauer Remix
590,0.787,Dum Dum
1610,0.624,All Aloud
1962,0.653,Mysterious Girl
186,0.552,Awake
1901,0.967,SexyBack
1675,0.688,Remember The Name (feat. Styles Of Beyond)
1646,0.516,Everything
529,0.748,Birthday Song
1943,0.64,Look At Me
309,0.648,Beautiful Life (feat. Action Bronson & Joey Bada$$)
1146,0.565,Malibu
1696,0.591,Song 2 You
1151,0.741,No Promises (feat. Demi Lovato)
372,0.639,Star
1936,0.585,Complicated
10,0.525,Subways - In Flagranti Extended Edit
429,0.502,Are you... Can you... Were you? (Felt)
97,0.398,NOBO
329,0.838,What I Might Do
1192,0.467,Clique
37,0.853,Jumpman
1760,0.78,Case Of The Ex (Whatcha Gonna Do)
980,0.607,Want My Love
1744,0.729,All I Have to Give
1941,0.766,Achy Breaky Heart
1179,0.623,September Song
1464,0.164,Right Here
1088,0.832,Otra Vez (feat. J Balvin)
254,0.599,Clouds Over the Pacific
993,0.521,Never Saw The Point
1932,0.514,Survivor
1888,0.6,All I Want
1049,0.523,Every Time I Hear That Song
683,0.599,I Need You
425,0.735,Losing You
662,0.482,m.A.A.d city
931,0.373,Shut Up Kiss Me
130,0.547,My Sub (Pt. 2: The Jackin') - Album Version (Edited)
1071,0.41,Like You That Way
1290,0.401,Worthy Of Your Name - Studio
1029,0.53,The Weekend
73,0.768,Pick Up The Pieces
725,0.81,Strandbar (disko)
545,0.625,Adorn
2008,0.646,Call On Me - EDWYNN X TIKAL
1026,0.548,Heart Break
607,0.648,Walk In The Park
1824,0.5,Pieces Of Me
1917,0.748,(You Drive Me) Crazy
1638,0.605,Levels - Radio Edit
1477,0.599,I'm the One
1216,0.441,A Dustland Fairytale
1228,0.709,Cool
1105,0.724,Lumbra
1850,0.701,One Of Those Love Songs
1069,0.442,Getting Over You
1126,0.779,Fuego
1203,0.715,Young
1749,0.862,I'll Be Missing You (feat. 112)
1478,0.719,There's Nothing Holdin' Me Back - NOTD Remix
28,0.782,Look Alive
200,0.718,When The Night Falls - feat. Solange Knowles
1204,0.786,The Monster
142,0.851,Smell Yo D*ck
1127,0.712,Al Filo de Tu Amor
1471,0.546,After All
465,0.597,86 Carrot Gold
1494,0.776,Kissing Strangers
780,0.794,Hot N*gga
310,0.403,Auditorium
162,0.753,Forever
1231,0.547,Broken Things
1042,0.562,Somethin' I'm Good At
597,0.738,Big Fun - Original 12'' Mix
1828,0.779,Beat It - Single Version
865,0.703,Your Love
580,0.594,The Mighty Ming - Original Club Mix
189,0.633,Now Is Not The Time
374,0.289,Walk On By - Single Version
1145,0.76,Most Girls
612,0.653,Molly Ringwald
8,0.603,I've Seen Footage
1736,0.647,It's Gonna Be Me
918,0.723,Thinking of You
974,0.606,GOT IT GOOD
1925,0.559,Don't Stop Me Now - Remastered 2011
168,0.849,Wu-Tang Forever
653,0.379,Wakin on a Pretty Day
347,0.766,Pacifier
710,0.876,Wearing My Rolex - Radio Edit
362,0.784,Number One
422,0.578,Origins
1968,0.616,Rockstar
1808,0.732,I2I
1261,0.704,Lifer
775,0.895,North North
91,0.812,Swerve
301,0.878,Awake
1721,0.841,I'm So Into You
291,0.806,Alright
584,0.752,Gucci On The Rise
129,0.746,Rewind
1414,0.592,Litty (feat. Tory Lanez)
568,0.406,Borrowed Time
1919,0.706,Everybody (Backstreet's Back) - Radio Edit
227,0.788,Upper Echelon
1931,0.853,Don't Stop The Music
332,0.808,Swingin' Party
939,0.679,Virile
1447,0.597,Good Life
713,0.59,Reflektor
1893,0.637,Hey Leonardo (She Likes Me For Me)
625,0.805,Had A Dream
1223,0.697,Take Care
1608,0.638,Satellites
35,0.667,Check
624,0.794,Get Lucky - Radio Edit
716,0.667,Primetime (feat. Miguel)
589,0.79,Started From the Bottom
1972,0.854,Cha Cha Slide
943,0.84,Anti Social Tendencies
796,0.895,Natty Dread A Weh She Want
1507,0.505,For You
752,0.348,Fall In Love
623,0.941,I'm Different
1417,0.37,Ima Boss - feat. Rick Ross
398,0.811,Leave House
184,0.774,Goody Two Shoes
514,0.52,Brothers
1739,0.841,Pop - Radio Version
205,0.767,Double Bubble Trouble
359,0.536,Walkabout (W/ Noah Lennox)
1067,0.488,May We All
485,0.67,In My Mind (Axwell Remix)
587,0.636,Hold Me Back
226,0.674,Heaven And Hell Is On Earth
89,0.786,Sugah Daddy
928,0.669,Giant
1230,0.567,Glimpse
734,0.57,Warm In The Winter
1197,0.673,Feel This Moment
802,0.856,Made Me
395,0.484,5ft7
967,0.841,Versace
1199,0.72,Classic
1779,0.518,Summer Is Over feat. Sara Bareilles
1001,0.709,Fam
381,0.728,Flex (Ooh
965,0.81,Get Lucky
1215,0.81,Get Lucky
360,0.575,Ferus Gallery
1634,0.747,Light It Up (feat. Nyla & Fuse ODG) [Remix]
949,0.89,Big Jet Plane - Animal Trainer Remix
543,0.638,Keep You
1836,0.672,Forever
174,0.807,Confess To Me
981,0.448,Myth
480,0.448,Myth
1802,0.277,Mad Love.
1830,0.608,The Way You Make Me Feel
499,0.829,Changes
1970,0.549,Fuck You Bitch
1233,0.468,Home
1439,0.67,Polaris
1623,0.56,Catch Me (feat. Naaz)
193,0.312,Marriage
1669,0.761,You Make Me Wanna...
32,0.959,Best Friend
300,0.483,Rill Rill
1165,0.673,Whatever It Takes
1239,0.576,The Gospel
675,0.697,Players Anthem
627,0.635,Now Is Not the Time
192,0.19,Rocking Chair
1118,0.724,Besándote
1838,0.589,Gave Me Something
2,0.838,Xanny Family
1055,0.659,You Look Good
1640,0.561,Move for Me
1654,0.529,Chemicals - Radio Edit
1240,0.511,Throne Room
415,0.691,Flutes
827,0.422,Easy Rider
1957,0.959,Ice Ice Baby
1586,0.89,My Favorite Snack
256,0.749,Flashlight
1874,0.678,I Took A Pill In Ibiza - Seeb Remix
1428,0.707,My Friend
522,0.162,Outro
890,0.598,Water
797,0.598,DLZ
1284,0.37,Come Alive (Dry Bones)
561,0.771,Love Sosa
33,0.742,Hercules
785,0.227,High Ball Stepper
299,0.694,The River
1166,0.607,Touch
833,0.846,Ain't got nobody
1189,0.646,Stereo Hearts (feat. Adam Levine)
1605,0.514,Livin' 4 Ya
1998,0.68,Faded - Slushii Remix
1609,0.591,Can't Take It
181,0.628,When A Fire Starts To Burn - Midland Remix
863,0.86,5thep
1665,0.559,Good Time
1131,0.561,My Songs Know What You Did In The Dark (Light Em Up)
999,0.515,Big For Your Boots
1645,0.51,Heroes (we could be)
1093,0.792,Hey DJ
474,0.874,Long Heels Red Bottoms
1797,0.555,Perfect Picture
1077,0.681,The Fighter
215,0.614,Come Save Me
1167,0.415,Selfish
615,0.798,Trill Hoe
641,0.756,One of Those Nights
404,0.769,Who Is He And What Is He To You
2002,0.583,Without U
386,0.226,Outro
720,0.35,Play by Play
1863,0.604,Celeste
1254,0.306,Death Was Arrested
695,0.907,Music Is the Answer - Original Extended 12-Inch Mix
1924,0.6,Girls
596,0.793,Good Life - Original 12'' Mix
1198,0.581,Timber
1664,0.591,Fireflies
202,0.769,Don't You Evah
1161,0.726,Unforgettable
1059,0.403,Family Table
1639,0.589,Faded
249,0.674,You Know I'm No Good - Ghostface UK Version
901,0.93,No Eyes (Radio Edit)
330,0.76,Atomic Bomb
490,0.764,Night And Day
1153,0.656,Bad Bitch (feat. Ty Dolla $ign)
1987,0.421,Work This Body
684,0.64,From Nowhere
946,0.658,On the Lips
647,0.291,Feels Like We Only Go Backwards
1798,0.51,Tangled Up In Me
1086,0.489,Hey Ma (with Pitbull & J Balvin feat. Camila Cabello) - Spanish Version
520,0.684,Sure Thing
1175,0.516,Sign of the Times
1714,0.599,Big Time Rush
1425,0.501,Powers That Be
1799,0.487,Why Can't I?
1898,0.48,Into Your Arms
283,0.869,Fried Neck Bones And Some Home Fries - Dan The Automator Remix
1793,0.704,Try Everything
1658,0.624,Sweet Memories
642,0.821,Get Lucky - Daft Punk Remix
1733,0.815,Escapade
849,0.739,Mary-Mary (M&M Unreleased Mix) [feat. Dajae]
1366,0.635,VAMOS
751,0.556,Runaway
1501,0.555,Calm Down
308,0.69,Love Buzz
1081,0.746,Me Rehúso
258,0.283,Better
1449,0.559,Limitless (feat. Sophie Rose)
897,0.745,One Who Lost
708,0.528,Time Has Come Today
143,0.34,Don't Wanna Lose
1906,0.743,No Scrubs
667,0.854,Gas Pedal (feat. IamSu)
82,0.683,Hot Blur
236,0.618,Counting
690,0.834,Work REMIX
731,0.841,Work REMIX
508,0.586,Her Fantasy
172,0.586,Her Fantasy
409,0.819,Outlaw
903,0.803,Dorothy
1083,0.747,Escápate Conmigo
1688,0.623,Something To Believe In
119,0.746,Trap Queen
1113,0.68,Andas En Mi Cabeza
442,0.605,Need You Now
1031,0.553,Small Town Boy
1666,0.631,When Can I See You Again?
19,0.735,C O O L - Radio Edit
1415,0.589,All Eyes On You (feat. Chris Brown & Nicki Minaj)
1617,0.691,La Tromba Risin' (feat. Tasita D'Mour)
16,0.603,World In Motion
1462,0.303,Riot Call (feat. Nevve)
1827,0.92,Billie Jean
670,0.847,VERSACE
770,0.761,Synchronize
1450,0.714,Move On Me
1172,0.667,TG4M
599,0.688,Can't Seem To Make You Mine
1509,0.556,Kingdom Come
755,0.824,Collard Greens
155,0.738,Annie
475,0.527,I Wanna Be Your Dog
1249,0.385,You Redeem - Studio Version
1769,0.816,U Got It Bad
497,0.816,Mi Swing es Tropical
1432,0.726,Best Thing About
135,0.698,Pussy
821,0.586,Chrome Knight - Feat. Chromeo
131,0.634,Kush
88,0.606,Dadje Von O Von Non
31,0.897,Blasé (feat. Future & Rae Sremmurd)
128,0.735,Hercules Theme
1381,0.63,너와의 공식 Love Equation
1499,0.568,Eyes Closed
1258,0.534,Bloom
658,0.886,Swing
976,0.709,Something About You - ODESZA Remix
2005,0.526,Spoon Me - Slushii Remix
699,0.825,R.I.P.
1217,0.688,My House
1453,0.587,Legacy
535,0.465,Plague
90,0.734,International Players Anthem
199,0.604,Junk of the Heart (Happy)
430,0.597,Second Song
320,0.697,Acamar
1635,0.719,Turn Me Up - ViP Mix
361,0.571,Everybody Loves The Sunshine
1066,0.458,Blue Tacoma
991,0.869,F**kin' Problems
1224,0.583,Love Song
376,0.808,Champagne Coast
1048,0.434,They Don't Know
577,0.67,Caramel
1995,0.333,Paris - Pegboard Nerds Remix
7,0.266,Gyöngyhajú lány
469,0.671,Every Freakin' - DJ Ayres remix
1734,0.571,Bye Bye Bye
433,0.517,Midnight City
1279,0.511,Be The Change
1698,0.593,Faster than Boyz
602,0.765,With You (feat. Alexis Taylor)
1219,0.592,Stitches
1718,0.437,I Know You Know
410,0.896,Walking Into Sunshine
701,0.751,Dip
551,0.614,There
1783,0.439,In Love With a Girl
259,0.413,Pony
487,0.352,Don't Die
85,0.619,I'm In Love
188,0.695,N.O. Bounce
15,0.637,Char
1236,0.475,Chain Breaker
50,0.74,Annie
840,0.609,Too Bad I Have To Destroy You Now
450,0.845,Principles
1210,0.745,Maps
1503,0.836,Swish Swish
260,0.932,WTF (Where They From) [feat. Pharrell Williams]
1201,0.62,E.T. - feat. Kanye West
27,0.646,Char
574,0.609,Fineshrine
1058,0.512,Love in a Bar
1657,0.69,Rock The House - Radio Edit
1242,0.621,Unfinished
715,0.764,Tennis Court
547,0.726,Under Mi Sensi
478,0.702,Love In Motion - feat. Mayer Hawthorne
882,0.564,Middle
1939,0.757,Cheeky Song (Touch My Bum)
58,0.754,Dopeman
314,0.446,Sometimes
959,0.916,For Free
505,0.646,Hands On the Wheel (feat. a$Ap Rocky)
239,0.496,Hold On We're Going Home
1427,0.801,Humble
1359,0.726,PIZZA
1431,0.47,Front to Back
101,0.57,Leave A Trace
326,0.648,Hands On The Wheel
826,0.374,Living Every Dream
1628,0.737,Language
402,0.797,Symptom - Original Mix
1054,0.622,Two Black X's
1262,0.543,Now
1466,0.597,No Sleep
1035,0.443,Hurricane
862,0.653,Greetings
1241,0.526,I Won't Let You Go - Radio Version
125,0.526,Midnight City
394,0.79,Wait for a Minute
945,0.646,The Spirit Blossoms All Over the Land
1038,0.591,Man Enough Now
966,0.588,Bugatti
1491,0.841,Tuesday (feat. Danelle Sandoval)
1816,0.627,Be My Baby
518,0.623,The Perfect Kiss
660,0.76,Next Order
914,0.606,Dreams Never End - 2015 Remastered Version
1690,0.559,Don't Threaten Me With A Good Time
369,0.814,Talk About
678,0.621,Taylor Gang - Bonus Track
481,0.542,Ready 2 Go
737,0.333,R U With Me
99,0.706,U Mad
719,0.502,Latch
269,0.836,Batuque (Jeremy Sole & Atropolis Remix)
700,0.607,Baby Blue
1309,0.242,We Wait
371,0.823,Mamacita
6,0.739,Childs Play
1351,0.716,Bangarang (feat. Sirah)
1460,0.529,Afraid
1624,0.507,Save the World - Radio Mix
1474,0.626,Get What You Give
294,0.651,Free Stress Test
1250,0.447,Amen
604,0.962,Check Me Out Like
1767,0.701,Slow Jam
325,0.677,Swords
1822,0.523,Everywhere
127,0.405,Pyramids
1152,0.726,Slow Hands
924,0.69,Muzik Xpress
70,0.807,They Don't Know - Original Mix
491,0.677,Don't Deny Your Heart
120,0.888,No Type
1178,0.853,That's What I Like
1022,0.631,Sleep Without You
411,0.401,Pyramids
38,0.747,7/11
185,0.547,The Wire
121,0.443,Chasing Heaven
1469,0.604,Scared To Be Lonely (Brooks Remix)
783,0.6,dance yrself clean - live at madison square garden
898,0.634,Delorean Dynamite
419,0.633,Disparate Youth
351,0.612,Make Them Gold
902,0.585,Fanfare
1627,0.412,Calling (Lose My Mind) - Radio Edit
1420,0.481,Idols Become Rivals
1700,0.428,Too Little
1484,0.692,That's What I Like - Alan Walker Remix
581,0.473,Harlem Shake
1848,0.852,You're Makin' Me High
1720,0.85,Too Close
244,0.683,Ziggy Starfish (Anxiety Raps) [feat. Gold Panda]
1212,0.579,Umbrella
1385,0.432,Cake Love (PROD. BY The Black Skirts)
732,0.816,Dope
337,0.82,Let's Lovedance Tonight - Danny Krivit Re-edit - Dk Re-Edit
864,0.682,Cavern
552,0.535,Nightcall
820,0.523,Won't Look Back
219,0.6,Tides of Neptune
923,0.465,Carl Sagan
334,0.846,Pieces
1656,0.668,Blackout
161,0.563,Hercules Theme 2014
235,0.757,Dangerous (feat. Joywave)
681,0.63,Drippin
944,0.816,What Time Is Love (Live at SSL mix)
1697,0.616,L.A. Boyz
1695,0.599,Crush
171,0.584,Ego Free Sex Free
178,0.787,Okay
1887,0.743,Someday - Remastered
1263,0.534,Battles
83,0.309,Summer Madness
180,0.882,When A Fire Starts To Burn
1475,0.723,Joyride
1660,0.631,Concrete Angel (Radio Edit) (feat. Christina Novelli)
229,0.621,Go
1251,0.619,Brand New Life
179,0.246,Weight
622,0.774,My Bad - Club Mix
1354,0.633,Right On Time
412,0.346,Lazuli
1483,0.615,Young
1016,0.745,Skepta Interlude
0,0.833,Mask Off
1173,0.833,Mask Off
1032,0.533,Yours If You Want It
1292,0.674,Love Broke Thru
544,0.651,Anything New
427,0.569,It's Not My Fault
1025,0.553,More Girls Like You
379,0.449,Pains
506,0.486,The Kids Were Wrong
454,0.795,Pharaohs (feat. Roses Gabor)
280,0.706,Rhythm of Devotion
1896,0.498,Cannonball
748,0.589,Drunk in Love
650,0.836,Wop (Official Version)
728,0.667,White Noise
1853,0.739,He Wasn't Man Enough
464,0.718,The Yes Strut
122,0.507,Speakerbox (feat. Lafa Taylor)
1468,0.715,Waist Time
1387,0.453,변명 Shame
138,0.944,Sippin On Some Syrup
212,0.45,Unbound
424,0.385,Comeback Kid
1885,0.638,Why I'm Here
509,0.694,Der Kommissar
331,0.646,World Restart
598,0.864,Piss Test (feat. Juicy J & Dany Brown)
113,0.614,Fiesta - Remix
1222,0.635,Cinema - Skrillex Remix
1050,0.612,What Ifs
1129,0.499,Sugar
1419,0.434,Santorini Greece
812,0.51,I'm in LOVE With GO-GO Dancer (Disco Diva) - Future of TRAP Mix
1614,0.707,Everytime We Touch
736,0.656,We Fall Down
495,0.246,Didn't You
2014,0.637,Habit - Dack Janiels & Wenzday Remix
187,0.542,Man I Need
572,0.714,I Love It (feat. Charli XCX) - Original Version
356,0.293,Grinder
649,0.799,Bubble Butt [Radio Mix] [feat. Bruno Mars
664,0.853,Pu$$y Magnet (feat. Keayshawn)
1424,0.629,I Think She Like Me
316,0.587,Ambling Alp
1616,0.184,You
1877,0.64,Semi-Charmed Life
1668,0.581,Vanilla Twilight
1753,0.651,Stay
194,0.539,Ride On / Right On
533,0.401,No Ass
182,0.451,Fake Tales Of San Francisco
321,0.883,It Looks Like Love
1740,0.685,Tearin' up My Heart - Radio Edit
30,0.45,Milly Rock
416,0.428,Club Rez
67,0.879,Look At Wrist
663,0.786,Bounce It
750,0.677,Good Mistake
86,0.898,I Need You Tonight
1961,0.771,Girl You Know It's True
767,0.541,Elevate
378,0.393,BKNY
1426,0.54,Game Ain't Based On Sympathy
1953,0.653,Believe
618,0.587,Oh My - Club Mix
1992,0.446,Portugal
250,0.578,Kill V. Maim
594,0.727,Leaving Babylon
1196,0.352,Like A G6
1942,0.845,Jenny from the Block - Track Masters Remix
1034,0.584,Sunday Morning
1615,0.623,Milky Way
203,0.567,We Exist
1157,0.741,Obsession (feat. Jon Bellion)
879,0.582,Boys Life
704,0.743,Marc Jacobs
1585,0.498,Jelly Beans
616,0.586,Saturday Love
104,0.763,Maneuvering
1985,0.578,Shut Up and Dance
1622,0.583,Summer
788,0.564,Catamaran
1620,0.798,Icarus - Black Caviar Remix
170,0.717,We Dem Boyz
1276,0.688,Fearless
92,0.876,Look At Wrist
1889,0.42,Push
463,0.805,You Don't Love Me (No No No)
1480,0.695,Hard Times
1689,0.585,She Hates Me
1706,0.637,Strong Enough
443,0.374,Abducted
45,0.715,Return Of The Mack - C & J Street Mix
1350,0.636,Right In
578,0.684,O.G
735,0.807,Don't Let It Get to Your Head
1643,0.691,Summer Dreams
1607,0.654,Nite Time - Ruby & Tony Radio Edit
1191,0.75,Dynamite
261,0.748,Again
1435,0.473,Rose Horizon
1421,0.729,Trap Trap Trap
391,0.318,Black And White
1940,0.618,Agadoo - original
958,0.58,Howl
272,0.609,Bitch
1138,0.608,Thunder
274,0.379,Apathy
1422,0.662,Dead Presidents
626,0.394,Recover
1612,0.704,Cascade - Original Mix
1759,0.686,MMMBop
652,0.683,Give It Away
608,0.77,Reckless (With Your Love)
1446,0.396,Mantra - Mat Zo Remix
1980,0.682,Shape of You (Major Lazer Remix) [feat. Nyla & Kranium]
498,0.715,Stock Exchange
1056,0.479,Close
288,0.521,The New International Sound
1430,0.562,Home
1320,0.48,Tremendous Strain
1775,0.771,Jumpin'
884,0.363,Only You
1928,0.875,Don't Cha
1773,0.538,Just a Friend 2002 - Radio Edit
763,0.749,Man Of The Year
987,0.654,Let's Dance (Single Version) [2002 Remastered Version]
657,0.421,Rvtchet Bitch
1270,0.529,Priceless
1000,0.859,No Security
435,0.563,Caffeinated Consciousness
698,0.7,No New Friends - SFTB Remix
417,0.555,Cry Like A Ghost
848,0.81,Face It
1444,0.718,All I Know
1163,0.747,do re mi
1964,0.685,MMMBop
1823,0.571,Just The Girl
79,0.429,To The Top
437,0.633,Polish Girl
1999,0.619,Can't Get Enough - Pegboard Nerds Remix
2009,0.595,Aamon
1273,0.574,Beloved
819,0.376,Southern Man - Live
1134,0.616,Dance
278,0.519,The New International Sound
1352,0.596,Breakn' A Sweat
93,0.601,Let It Happen
1812,0.586,Eyes Wide Open
1655,0.475,Run Wild - Alternative Edit Mix Cut
5,0.804,Sneakin’
852,0.777,Defected In The House Ibiza 2013 Mixtape
1505,0.585,Cool for the Summer
209,0.542,Black Out Days
575,0.777,Flow
585,0.821,Hate Bein' Sober
140,0.721,Sittin' Sidewayz - feat. Big Pokey Explicit
691,0.712,The Way We Are
1886,0.499,Lump
1493,0.722,XO TOUR Llif3
1154,0.565,Good Life (with G-Eazy & Kehlani)
1479,0.615,Bon Appétit - MUNA Remix
970,0.413,Recover
445,0.207,Eyes Be Closed
925,0.449,A Hundred Ropes
1676,0.578,Mind Tricks
1070,0.555,Flatliner (feat. Dierks Bentley)
1438,0.775,I Want You
896,0.808,Chunky - Club Mix
1097,0.663,Vente Pa' Ca
847,0.894,Make It
1631,0.502,Poison
913,0.704,Bizarre Love Triangle - Shep Pettibone 12" Remix
56,0.646,Loud Places
94,0.748,My Way (feat. Monty)
636,0.9,The Lion - Original Mix
434,0.356,Lonely Boy
787,0.644,All We Need (feat. Shy Girls)
277,0.389,The Righteous One
1160,0.624,Break Up Every Night
1809,0.557,Confetti Falling
1795,0.616,I Dare You
293,0.736,Hazelton Trump
592,0.937,Gone
470,0.872,Dance Our Way
1130,0.385,Centuries
173,0.648,Little People (Black City)
1813,0.763,Wildside - From "Adventures in Babysitting"
757,0.683,1977
1291,0.436,My All In All
436,0.567,Wild Window
1650,0.605,Chords Of Life - Original Mix
1833,0.492,Ultimate
1490,0.61,Middle Of The Night
1416,0.7,Froze (feat. Lil Uzi Vert & Nicki Minaj)
1225,0.862,Blurred Lines
1762,0.592,Angel of Mine - Radio Mix
975,0.647,I Got U
1996,0.743,Quit You - Wuki Remix
537,0.396,Wrath Of God
41,0.76,I Don't Sell Molly No More
1648,0.568,Starlight - Radio Mix
717,0.772,Hold On
1647,0.723,Lean On (feat. MØ & DJ Snake)
794,0.313,My Sunshine
528,0.491,Got No Money
1633,0.575,Teenage Crime - Axwell & Henrik B Remode
1619,0.569,Raven
255,0.586,Distant Land
339,0.562,Do It (High School Dropout)
859,0.686,Akue We Non Houme - Jerk Fon
892,0.746,Voodoo Ray - Danny Tenaglia Remix
610,0.663,Never Be Your Woman (Shy FX Radio Edit) [feat. Emeli Sandé]
479,0.654,Save the World
676,0.766,Hold On
948,0.754,Operator (Ring Ring) ft. Dances With White Girls
1010,0.545,3 Wheel-ups (feat. Wiley & Giggs)
1723,0.583,Candy Rain
1844,0.555,Dreams
1929,0.633,Every time we touch
1663,0.608,Falling Back - Radio Edit
2016,0.446,I Wanna Get Better
1910,0.686,Tearin' up My Heart - Radio Edit
1649,0.476,City Of Dreams - Radio Edit
1679,0.231,Snow Cats
196,0.476,New York City
1652,0.408,Freak
586,0.908,Traffic
213,0.602,Operate
1686,0.442,Black Honey
65,0.557,Sentimental Trash
364,0.444,She a Go (feat. Spinn & Taso)
673,0.844,Lean & Bounce
603,0.725,Can't Shake This Feeling
2001,0.484,Something Just Like This - ARMNHMR Remix
1618,0.66,Crash 2.0 (Adventure Club vs. DallasK)
117,0.896,Hotline Bling
118,0.618,679 (feat. Remy Boyz)
1299,0.468,No Absolution
640,0.869,Take You On
696,0.855,Test Me - UZ Remix
459,0.812,White Horse
846,0.696,Taifa
1176,0.532,At My Best (feat. Hailee Steinfeld)
682,0.514,Heaven
43,0.621,Monster
471,0.85,Flashing Lights
1278,0.547,To Live Is Christ
1661,0.54,Yebisah
322,0.733,Freak Connection - Edit
801,0.191,Drifting In And Out
1642,0.672,Counting Down The Days - Yotto Edit
2010,0.624,Hey Baby - Steve Aoki Remix
621,0.632,Get It In
25,0.781,This Ready Flesh
2007,0.639,Let It Go - Scott Melker & Mister Gray Remix
1826,0.659,She's Kinda Hot
455,0.584,No Fun
156,0.777,Acamar
393,0.646,Wait & See
9,0.836,Digital Animal
582,0.931,Purp Walk
915,0.587,Plastic - Extended Mix
753,0.468,You’re Not The One
482,0.469,We Are Young - The Popopopops Remix
771,0.805,Don't Miss
601,0.734,Elevate - Q45 Remix
1982,0.616,U got 2 believe
198,0.558,All These Things That I've Done
1344,0.482,American Dream
1993,0.551,Quesadilla
989,0.468,Five Seconds
313,0.554,Had Ten Dollaz
774,0.661,The Devil Is A Lie
1423,0.541,She On My Dick
46,0.7,Fantastic Man
1504,0.598,Confident
468,0.819,See Me Now
711,0.67,Need U (100%) [feat. A*M*E] [Radio Edit]
1470,0.548,Fuck It All Up (feat. JVZEL)
1986,0.472,Anna Sun
1691,0.542,Sex on Fire
605,0.845,Second Summer
900,0.587,Celebrando
1625,0.703,Wild One Two - feat. David Guetta
2015,0.557,First Contact
1879,0.543,Two Princes
947,0.865,Stripper
1839,0.642,Hold My Hand
69,0.857,I Ain't Trippin off Nothin
1653,0.598,Skyscrapers
154,0.79,Big Rings
42,0.624,Versace Python
703,0.626,Fascism
573,0.36,Kenosha
1441,0.715,One Life Short
439,0.575,Civilization
707,0.211,This Lonely Morning
694,0.728,Holding On - Jerome LOL Remix
1967,0.895,Hoochie Mama
1132,0.613,Immortals
494,0.881,Function - feat. YG
1626,0.526,Fire In Your New Shoes (feat. Martina of Dragonette) - Sultan & Ned Shepard Electric Daisy Remix
550,0.794,Space Cakes - Original
760,0.702,Slasherr
1973,0.446,How You Remind Me - LP Mix
933,0.789,We Want Some Pussy
1897,0.291,Iris
1883,0.417,If You Could Only See
1465,0.823,Chicken Soup
1908,0.494,My Own Worst Enemy
1933,0.649,Last Friday Night (T.G.I.F.)
1326,0.217,Plagues
1433,0.984,Flashwind - Radio Edit
1355,0.605,Kyoto (feat. Sirah)
772,0.682,Coucou disco
1881,0.464,Hey Jealousy
628,0.669,MDA
1341,0.339,Inferno
856,0.616,Mercy
1214,0.818,Turn Down for What
1677,0.507,Help
2012,0.584,Like A Bitch - Kill The Noise Remix
1302,0.495,Dirty Waters
554,0.595,Doom And Gloom - Jeff Bhasker Mix
141,0.798,Gold and a Pager
242,0.736,Stay High - Habits Remix
1436,0.466,dance alot
531,0.48,No Waves
835,0.787,I Got a Feeling
739,0.771,Razor
1209,0.842,Somebody
1135,0.607,This Ain't A Scene
539,0.276,Past Lives
476,0.767,Jealousy
441,0.573,Michael Jackson
968,0.775,Black Skinhead
1280,0.676,Parachute
448,0.516,Civilization
1024,0.612,Craving You
697,0.769,Test Me
643,0.806,No Way Back
1891,0.481,Absolutely (Story of a Girl) - Radio Mix
907,0.79,Nothing
1997,0.465,Don't Let Me Down - Zomboy Remix
503,0.754,I Don't Like
637,0.802,For Your Love - Club Edit
887,0.832,Deeper Than Love
1473,0.68,The Jam
1989,0.48,Different Colors
307,0.771,Kathy Lee
917,0.34,Let Me Try
1271,0.525,Alive In You - Studio Version
706,0.66,Can We Go Up?
1256,0.429,Say The Word
123,0.695,Movin' Bass - GTA Remix
1353,0.616,The Devil's Den
646,0.491,Rockin' In The Free World
773,0.801,Vowel Play - Original
1202,0.657,GDFR (feat. Sage The Gemini & Lookas)
20,0.854,Percolator (Jamie Jones Vault Mix) - mixed
1317,0.566,To Encompass and Eclipse
562,0.759,This Time Around
228,0.745,Flying High (Part 1)
1443,0.503,The Wall
1325,0.274,1208
1825,0.493,She Looks So Perfect
845,0.787,Taifa - The Emperor Machine Mix
1481,0.375,Kiwi
893,0.906,Jack
1274,0.388,There Is a Cloud
428,0.469,How Deep Is Your Love?
782,0.487,Your Soul
23,0.224,Girlfriend
765,0.805,Nobody Else - Original Mix
1990,0.594,Avalanche
795,0.803,BIG Fun - Full Intention 88 Remix
2011,0.528,Brightside - Borgeous Remix
1486,0.624,Carolina
791,0.417,Passing Out Pieces
1644,0.841,Changes - Dirty South Remix
611,0.831,(Bonus) Break Her Down
66,0.597,Get Away
769,0.771,Au Seve
1923,0.749,Jump
1699,0.581,Bad Boys
741,0.701,The Sound Of San Francisco - Progressive Album Mix
493,0.286,Neptune
1329,0.258,Dance of the Witch
1719,0.695,Bring It All to Me
633,0.525,Levitate
153,0.502,Trust Me Danny
204,0.817,Le Goudron (Edit)
2003,0.562,Hold Up
558,0.428,Max Can't Surf
591,0.603,Higher - Extended
384,0.782,Lets Start the Dance
638,0.723,For Your Love - Olav Basoski Remix
804,0.22,Just Wanna Love You Girl
467,0.823,How Do You See Me Now
40,0.731,Bang That
484,0.796,La Funky
940,0.804,Let Me Tell U
1308,0.456,Spiteful Nature
59,0.294,California Nights
635,0.472,Balance
1882,0.615,Good
1991,0.544,Jenny
1687,0.42,Chop Suey!
541,0.821,Get Up
1162,0.905,HUMBLE.
894,0.907,Jack
714,0.907,Jack
814,0.647,Work - The Advent & Spiriakos Remix
606,0.5,Demon To Lean On
75,0.457,Capitol
275,0.316,It All Feels Right
486,0.697,On'n'On - Ruined by Rick Rubin
746,0.827,Pleasure Power (DJ Smash Disco Remix)
1332,0.424,Beautiful Agony
654,0.771,Hulk (Dillon Francis Remix)
868,0.313,Waiting Around For Grace
1681,0.458,Hated
1323,0.256,Zerotonin 2
1321,0.285,Of Talons and Teeth
166,0.644,Dark Matter
656,0.375,Dead Sound
496,0.515,Search Party
21,0.747,House of Jealous Lovers
389,0.329,The Moment
534,0.228,Black Out Stout
1974,0.614,Burn It To The Ground
1667,0.55,Verge
420,0.284,Cheap Beer
206,0.77,Careless
729,0.122,Bumpy Road
655,0.695,Dill the Noise
538,0.596,Pale Flesh
1674,0.537,Calm Down
850,0.641,Supernature - Edit
1305,0.406,Distorting of Perception
225,0.853,Bless My Soul
62,0.54,Fail to Cry
346,0.688,Bloom - Lane 8 Remix
672,0.701,The Giver - Original Mix
1296,0.237,Black Colors
1336,0.398,The Call of Mighty
595,0.857,Trap Shit V7
1333,0.45,Ways Of Transfiguration
764,0.742,Spacer Woman - Vocal
515,0.399,We Own The Sky
521,0.498,Kim & Jessie
1318,0.39,Rope
1324,0.491,False Hope
1300,0.476,Hearteater
1976,0.446,When We Stand Together
